{
	"IcoMoonType": "selection",
	"icons": [
		{
			"icon": {
				"paths": [
					"M384 736c0-151.234 95.874-280.486 230.032-330.2 16.28-36.538 25.968-77.164 25.968-117.8 0-159.058 0-288-192-288s-192 128.942-192 288c0 99.060 57.502 198.104 128 237.832v52.78c-217.102 17.748-384 124.42-384 253.388h397.306c-8.664-30.53-13.306-62.732-13.306-96z",
					"M736 448c-159.058 0-288 128.942-288 288s128.942 288 288 288c159.056 0 288-128.942 288-288s-128.942-288-288-288zM896 768h-128v128h-64v-128h-128v-64h128v-128h64v128h128v64z"
				],
				"width": 1024,
				"attrs": [],
				"isMulticolor": false,
				"isMulticolor2": false,
				"tags": [
					"user-plus",
					"user",
					"user-add",
					"profile",
					"avatar",
					"person",
					"member"
				],
				"defaultCode": 59763,
				"grid": 16
			},
			"attrs": [],
			"properties": {
				"ligatures": "user-plus, user2",
				"name": "register",
				"id": 115,
				"order": 42,
				"prevSize": 32,
				"code": 59763
			},
			"setIdx": 0,
			"setId": 1,
			"iconIdx": 115
		},
		{
			"icon": {
				"paths": [
					"M933.79 610.25c-53.726-93.054-21.416-212.304 72.152-266.488l-100.626-174.292c-28.75 16.854-62.176 26.518-97.846 26.518-107.536 0-194.708-87.746-194.708-195.99h-201.258c0.266 33.41-8.074 67.282-25.958 98.252-53.724 93.056-173.156 124.702-266.862 70.758l-100.624 174.292c28.97 16.472 54.050 40.588 71.886 71.478 53.638 92.908 21.512 211.92-71.708 266.224l100.626 174.292c28.65-16.696 61.916-26.254 97.4-26.254 107.196 0 194.144 87.192 194.7 194.958h201.254c-0.086-33.074 8.272-66.57 25.966-97.218 53.636-92.906 172.776-124.594 266.414-71.012l100.626-174.29c-28.78-16.466-53.692-40.498-71.434-71.228zM512 719.332c-114.508 0-207.336-92.824-207.336-207.334 0-114.508 92.826-207.334 207.336-207.334 114.508 0 207.332 92.826 207.332 207.334-0.002 114.51-92.824 207.334-207.332 207.334z"
				],
				"attrs": [],
				"isMulticolor": false,
				"isMulticolor2": false,
				"tags": [
					"cog",
					"gear",
					"preferences",
					"settings",
					"generate",
					"control",
					"options"
				],
				"defaultCode": 59796,
				"grid": 16
			},
			"attrs": [],
			"properties": {
				"ligatures": "cog, gear",
				"name": "setting",
				"id": 148,
				"order": 40,
				"prevSize": 32,
				"code": 59796
			},
			"setIdx": 0,
			"setId": 1,
			"iconIdx": 148
		},
		{
			"icon": {
				"paths": [
					"M384 512h-320v-128h320v-128l192 192-192 192zM1024 0v832l-384 192v-192h-384v-256h64v192h320v-576l256-128h-576v256h-64v-320z"
				],
				"attrs": [],
				"isMulticolor": false,
				"isMulticolor2": false,
				"tags": [
					"enter",
					"signin",
					"login"
				],
				"defaultCode": 59923,
				"grid": 16
			},
			"attrs": [],
			"properties": {
				"ligatures": "enter, signin",
				"name": "login",
				"id": 275,
				"order": 38,
				"prevSize": 32,
				"code": 59923
			},
			"setIdx": 0,
			"setId": 1,
			"iconIdx": 275
		},
		{
			"icon": {
				"paths": [
					"M768 640v-128h-320v-128h320v-128l192 192zM704 576v256h-320v192l-384-192v-832h704v320h-64v-256h-512l256 128v576h256v-192z"
				],
				"attrs": [],
				"isMulticolor": false,
				"isMulticolor2": false,
				"tags": [
					"exit",
					"signout",
					"logout",
					"quit",
					"close"
				],
				"defaultCode": 59924,
				"grid": 16
			},
			"attrs": [],
			"properties": {
				"ligatures": "exit, signout",
				"name": "logout",
				"id": 276,
				"order": 39,
				"prevSize": 32,
				"code": 59924
			},
			"setIdx": 0,
			"setId": 1,
			"iconIdx": 276
		},
		{
			"icon": {
				"paths": [
					"M136.294 750.93c-75.196 0-136.292 61.334-136.292 136.076 0 75.154 61.1 135.802 136.292 135.802 75.466 0 136.494-60.648 136.494-135.802-0.002-74.742-61.024-136.076-136.494-136.076zM0.156 347.93v196.258c127.784 0 247.958 49.972 338.458 140.512 90.384 90.318 140.282 211.036 140.282 339.3h197.122c-0.002-372.82-303.282-676.070-675.862-676.070zM0.388 0v196.356c455.782 0 826.756 371.334 826.756 827.644h196.856c0-564.47-459.254-1024-1023.612-1024z"
				],
				"attrs": [
					{}
				],
				"isMulticolor": false,
				"isMulticolor2": false,
				"tags": [
					"feed",
					"rss",
					"social"
				],
				"grid": 16
			},
			"attrs": [
				{}
			],
			"properties": {
				"order": 1,
				"id": 0,
				"prevSize": 32,
				"code": 59649,
				"name": "rss"
			},
			"setIdx": 1,
			"setId": 0,
			"iconIdx": 1
		}
	],
	"height": 1024,
	"metadata": {
		"name": "icomoon"
	},
	"preferences": {
		"showGlyphs": true,
		"showQuickUse": true,
		"showQuickUse2": true,
		"showSVGs": true,
		"fontPref": {
			"prefix": "icon-",
			"metadata": {
				"fontFamily": "icomoon"
			},
			"metrics": {
				"emSize": 1024,
				"baseline": 6.25,
				"whitespace": 50
			},
			"embed": false
		},
		"imagePref": {
			"prefix": "icon-",
			"png": true,
			"useClassSelector": true,
			"color": 4473924,
			"bgColor": 16777215
		},
		"historySize": 100,
		"showCodes": false,
		"gridSize": 16
	}
}