<?xml version="1.0" encoding="UTF-8" ?>
<!--
    Description: OpenSearch definition.
    Version: 1.0.0.0, May 26, 2018
    Author: Liyuan Li
-->
<OpenSearchDescription xmlns="http://a9.com/-/spec/opensearch/1.1/" xmlns:moz="http://www.mozilla.org/2006/browser/search/">
    <ShortName>${blogTitle}</ShortName>
    <Description>${blogSubtitle}</Description>
    <InputEncoding>UTF-8</InputEncoding>
    <Image width="32" height="32" type="image/x-icon">https://static.b3log.org/images/brand/solo-32.png</Image>
    <Url type="text/html" method="get" template="${servePath}/search?keyword={searchTerms}"></Url>
</OpenSearchDescription>